Current,Err in Current,Diameter,Radius,Err in Radius,Radius,Err in Radius
A,A,cm,cm,cm,cm^-1,cm^-1
0.7,0.01,15.75,7.875,0.2,0.126984126984127,0.00322499370118418
1,0.01,14.75,7.375,0.2,0.135593220338983,0.0036771042803792
1.35,0.01,13.4,6.7,0.2,0.149253731343284,0.00445533526397861
1.7,0.01,12.6,6.3,0.2,0.158730158730159,0.00503905265810028
2,0.01,12.4,6.2,0.2,0.161290322580645,0.00520291363163371
