Voltage,Err in Voltage,Diameter,Radius,Err in Radius,Voltage,Err in Voltage
V,V,cm,cm,,,
97,0.97,8.9,4.45,0.2,9.8488578017961,0.0492442890089805
105,1.05,9,4.5,0.2,10.2469507659596,0.051234753829798
115,1.15,9,4.5,0.2,10.7238052947636,0.053619026473818
125,1.25,10.7,5.35,0.2,11.1803398874989,0.0559016994374947
135,1.35,11.5,5.75,0.2,11.6189500386223,0.0580947501931113
145,1.45,11.9,5.95,0.2,12.0415945787923,0.0602079728939615
150,1.5,12.7,6.35,0.2,12.2474487139159,0.0612372435695795
